{
  "dataset_info": {
    "rows": 500,
    "columns": 6,
    "missing_data": 50
  },
  "key_statistics": {
    "mean_performance": 75.58680907598726,
    "performance_std": 14.65320029829449,
    "anova_f_stat": 2.4533367510677753,
    "anova_p_value": 0.0451002683265808
  },
  "correlations": {
    "age_performance_r": 0.02341426522070498,
    "age_performance_p": 0.6014474820526233
  }
}