{
  "analysis_date": "2025-07-19T18:22:01.127244",
  "dataset_info": {
    "shape": [
      500,
      7
    ],
    "columns": [
      "respondent_id",
      "age",
      "satisfaction_score",
      "department",
      "years_experience",
      "training_completed",
      "region"
    ]
  },
  "quality_assessment": {
    "overall_score": 98.5,
    "metrics": {
      "completeness": 100.0,
      "uniqueness": 100.0,
      "consistency": 95
    },
    "issues": []
  },
  "descriptive_statistics": {
    "numeric_summary": {
      "respondent_id": {
        "count": 500,
        "mean": 250.5,
        "std": 144.4818327679989,
        "min": "1",
        "q1": 125.75,
        "median": 250.5,
        "q3": 375.25,
        "max": "500",
        "skewness": 0.0,
        "kurtosis": -1.2000096000384002
      },
      "age": {
        "count": 500,
        "mean": 34.888,
        "std": 10.96649369524899,
        "min": "18",
        "q1": 26.0,
        "median": 35.0,
        "q3": 42.0,
        "max": "65",
        "skewness": 0.3533184035182073,
        "kurtosis": -0.43349449967539266
      },
      "satisfaction_score": {
        "count": 500,
        "mean": 7.208623760184793,
        "std": 1.6648495619045824,
        "min": 2.3456040427051708,
        "q1": 6.128474868255408,
        "median": 7.251356879158751,
        "q3": 8.372236135603519,
        "max": 10.0,
        "skewness": -0.2082810280863308,
        "kurtosis": -0.43095674280639074
      },
      "years_experience": {
        "count": 500,
        "mean": 4.888624700138443,
        "std": 4.918017552295086,
        "min": 0.0016628070645326,
        "q1": 1.2777893722087525,
        "median": 3.3422404818468947,
        "q3": 6.9184723444115415,
        "max": 29.177703626837737,
        "skewness": 1.7619236610957905,
        "kurtosis": 3.520298636408162
      }
    },
    "categorical_summary": {
      "department": {
        "unique_count": 5,
        "mode": "HR",
        "mode_frequency": "111",
        "value_counts": {
          "HR": 111,
          "Marketing": 110,
          "Finance": 99,
          "Sales": 96,
          "IT": 84
        }
      },
      "training_completed": {
        "unique_count": 2,
        "mode": "True",
        "mode_frequency": "345",
        "value_counts": {
          "true": 345,
          "false": 155
        }
      },
      "region": {
        "unique_count": 4,
        "mode": "West",
        "mode_frequency": "129",
        "value_counts": {
          "West": 129,
          "North": 128,
          "East": 123,
          "South": 120
        }
      }
    }
  },
  "correlation_analysis": {
    "correlation_matrix": {
      "age": {
        "age": 1.0,
        "satisfaction_score": -0.06603211372051747,
        "years_experience": -0.013738473038318795
      },
      "satisfaction_score": {
        "age": -0.06603211372051747,
        "satisfaction_score": 1.0,
        "years_experience": -0.020735162364364058
      },
      "years_experience": {
        "age": -0.013738473038318795,
        "satisfaction_score": -0.020735162364364058,
        "years_experience": 1.0
      }
    },
    "significant_correlations": [
      {
        "variables": "age vs satisfaction_score",
        "correlation": -0.06603211372051747,
        "p_value": 0.140363986902111,
        "significant": "False"
      },
      {
        "variables": "age vs years_experience",
        "correlation": -0.013738473038318795,
        "p_value": 0.759264197827367,
        "significant": "False"
      },
      {
        "variables": "satisfaction_score vs years_experience",
        "correlation": -0.020735162364364058,
        "p_value": 0.6436929839567418,
        "significant": "False"
      }
    ]
  },
  "anova_results": {
    "f_statistic": 0.23982046751983593,
    "p_value": 0.915756741868816,
    "eta_squared": 0.0019341948122479611,
    "groups": [
      "HR",
      "Sales",
      "IT",
      "Finance",
      "Marketing"
    ],
    "group_count": 5
  },
  "executive_summary": {
    "analysis_date": "2025-07-19 18:22:01",
    "dataset_info": {
      "name": "Employee Survey Data",
      "sample_size": 500,
      "variables": [
        "respondent_id",
        "age",
        "satisfaction_score",
        "department",
        "years_experience",
        "training_completed",
        "region"
      ],
      "time_period": "Current Analysis"
    },
    "key_findings": [
      "Large sample size provides robust statistical power",
      "Excellent data quality with minimal missing values",
      "Moderate employee satisfaction levels"
    ],
    "key_metrics": {
      "satisfaction_score": {
        "mean": 7.208623760184793,
        "median": 7.251356879158751,
        "std": 1.6648495619045824,
        "min": 2.3456040427051708,
        "max": 10.0
      },
      "years_experience": {
        "mean": 4.888624700138443,
        "median": 3.3422404818468947,
        "std": 4.918017552295086,
        "min": 0.0016628070645326,
        "max": 29.177703626837737
      },
      "training_completed": {
        "completion_rate": 69.0,
        "total_completed": "345",
        "total_not_completed": "155"
      }
    },
    "recommendations": [
      "Continue monitoring key performance indicators",
      "Investigate drivers of satisfaction variation",
      "Implement targeted improvement programs",
      "Conduct follow-up analysis to track changes"
    ]
  }
}